<?xml version="1.0"?>
<pagescount>
	<html_total>5</html_total>
	<html_done>5</html_done>
	<images>7</images>
	<script>16</script>
	<css>10</css>
	<pdf/>
	<documents/>
	<excel/>
	<powerpoint/>
	<flash/>
	<audios/>
	<videos/>
	<xml/>
	<json/>
	<txt/>
	<autocad/>
	<fonts>5</fonts>
	<scraping_reload>1</scraping_reload>
	<is_pretty_url>false</is_pretty_url>
	<is_ebn>false</is_ebn>
	<email>fahadrauf0123@gmail.com</email>
	<theme_name>WmdTheme472598</theme_name>
	<server_url_front_page>https://www6.waybackmachinedownloader.com/wdo/files/demo/online-food-delivery.netlify.app_fahadrauf0123_gmail.com_fl8jnfzxm5/</server_url_front_page>
	<no_www_url>online-food-delivery.netlify.app</no_www_url>
	<hosted_domain/>
	<original_archive_url>https://online-food-delivery.netlify.app/</original_archive_url>
	<final_archive_url>https://online-food-delivery.netlify.app/</final_archive_url>
	<front_page_code_date/>
	<total_urls_from_api/>
	<max_reached_live>false</max_reached_live>
	<scrape_other_captures>false</scrape_other_captures>
	<total_size>4528</total_size>
</pagescount>
